{
  "project_info": {
    "project_number": "1048673693280",
    "firebase_url": "https://minion-cloud-default-rtdb.firebaseio.com",
    "project_id": "minion-cloud",
    "storage_bucket": "minion-cloud.appspot.com"
  },
  "client": [
    {
      "client_info": {
        "mobilesdk_app_id": "1:1048673693280:android:588b18433415ed3f9c5d05",
        "android_client_info": {
          "package_name": "com.dhruva.shopping"
        }
      },
      "oauth_client": [
        {
          "client_id": "1048673693280-t9qktqubdvpmpulk3ms64bflumugqfbe.apps.googleusercontent.com",
          "client_type": 3
        }
      ],
      "api_key": [
        {
          "current_key": "AIzaSyCu5no6GQ09bjjiwx59P0XEVL3_eDeODHQ"
        }
      ],
      "services": {
        "appinvite_service": {
          "other_platform_oauth_client": [
            {
              "client_id": "1048673693280-t9qktqubdvpmpulk3ms64bflumugqfbe.apps.googleusercontent.com",
              "client_type": 3
            }
          ]
        }
      }
    },
    {
      "client_info": {
        "mobilesdk_app_id": "1:1048673693280:android:2b8d1effb20acae19c5d05",
        "android_client_info": {
          "package_name": "com.example.minion"
        }
      },
      "oauth_client": [
        {
          "client_id": "1048673693280-t9qktqubdvpmpulk3ms64bflumugqfbe.apps.googleusercontent.com",
          "client_type": 3
        }
      ],
      "api_key": [
        {
          "current_key": "AIzaSyCu5no6GQ09bjjiwx59P0XEVL3_eDeODHQ"
        }
      ],
      "services": {
        "appinvite_service": {
          "other_platform_oauth_client": [
            {
              "client_id": "1048673693280-t9qktqubdvpmpulk3ms64bflumugqfbe.apps.googleusercontent.com",
              "client_type": 3
            }
          ]
        }
      }
    },
    {
      "client_info": {
        "mobilesdk_app_id": "1:1048673693280:android:83ce83430a483df19c5d05",
        "android_client_info": {
          "package_name": "com.minion.shopping"
        }
      },
      "oauth_client": [
        {
          "client_id": "1048673693280-t9qktqubdvpmpulk3ms64bflumugqfbe.apps.googleusercontent.com",
          "client_type": 3
        }
      ],
      "api_key": [
        {
          "current_key": "AIzaSyCu5no6GQ09bjjiwx59P0XEVL3_eDeODHQ"
        }
      ],
      "services": {
        "appinvite_service": {
          "other_platform_oauth_client": [
            {
              "client_id": "1048673693280-t9qktqubdvpmpulk3ms64bflumugqfbe.apps.googleusercontent.com",
              "client_type": 3
            }
          ]
        }
      }
    }
  ],
  "configuration_version": "1"
}